{"min_x": -326.91932535021874, "max_y": 1574.6860214290803}